{"cameraMode":{"drawMode":0,"name":"Shaded","section":"Shading Mode"},"sceneLighting":true,"audioPlay":false,"sceneViewState":{"showFog":true,"showMaterialUpdate":false,"showSkybox":true,"showFlares":true,"showImageEffects":true,"showParticleSystems":true,"showVisualEffectGraphs":true,"m_FxEnabled":true},"in2DMode":false,"pivot":{"x":0.6445627212524414,"y":1.3651962280273438,"z":0.2615049481391907},"rotation":{"x":0.10898347198963165,"y":-0.7275360822677612,"z":0.11890289932489395,"w":0.6668424606323242},"size":1.8073949813842774,"orthographic":false}